time,gFx,gFy,gFz,TgF
0.1990,0.0671,0.9498,-0.2695,0.99
0.1990,0.0668,0.9491,-0.2686,0.99
0.1990,0.0662,0.9487,-0.2676,0.99
0.1990,0.0656,0.9484,-0.2667,0.99
0.2000,0.0650,0.9483,-0.2658,0.99
0.2000,0.0644,0.9482,-0.2652,0.99
0.2000,0.0640,0.9481,-0.2645,0.99
0.2000,0.0636,0.9480,-0.2639,0.99
0.2010,0.0632,0.9478,-0.2634,0.99
0.2010,0.0628,0.9476,-0.2626,0.99
0.2010,0.0622,0.9474,-0.2619,0.98
0.2010,0.0615,0.9473,-0.2610,0.98
0.2020,0.0606,0.9471,-0.2603,0.98
0.2020,0.0597,0.9468,-0.2596,0.98
0.2020,0.0588,0.9465,-0.2589,0.98
0.2030,0.0578,0.9464,-0.2580,0.98
0.2030,0.0569,0.9463,-0.2570,0.98
0.2030,0.0562,0.9462,-0.2561,0.98
0.2030,0.0556,0.9462,-0.2548,0.98
0.2040,0.0553,0.9461,-0.2536,0.98
0.2040,0.0552,0.9458,-0.2526,0.98
0.2040,0.0553,0.9455,-0.2514,0.98
0.2040,0.0557,0.9451,-0.2503,0.98
0.2050,0.0563,0.9448,-0.2493,0.98
0.2050,0.0569,0.9444,-0.2484,0.98
0.2060,0.0576,0.9443,-0.2477,0.98
0.2060,0.0581,0.9441,-0.2470,0.98
0.2060,0.0584,0.9441,-0.2465,0.98
0.2070,0.0584,0.9440,-0.2462,0.98
0.2070,0.0583,0.9440,-0.2460,0.98
0.2080,0.0580,0.9442,-0.2461,0.98
0.2080,0.0575,0.9444,-0.2461,0.98
0.2080,0.0569,0.9447,-0.2461,0.98
0.2090,0.0563,0.9450,-0.2459,0.98
0.2090,0.0556,0.9453,-0.2457,0.98
0.2090,0.0550,0.9458,-0.2453,0.98
0.2090,0.0546,0.9462,-0.2447,0.98
0.2100,0.0544,0.9466,-0.2440,0.98
0.2100,0.0545,0.9471,-0.2432,0.98
0.2100,0.0549,0.9475,-0.2425,0.98
0.2100,0.0555,0.9481,-0.2419,0.98
0.2110,0.0559,0.9486,-0.2416,0.98
0.2110,0.0565,0.9490,-0.2414,0.98
0.2110,0.0570,0.9493,-0.2414,0.98
0.2110,0.0573,0.9495,-0.2415,0.98
0.2120,0.0573,0.9495,-0.2418,0.98
0.2120,0.0571,0.9495,-0.2421,0.98
0.2120,0.0566,0.9493,-0.2425,0.98
0.2120,0.0559,0.9490,-0.2430,0.98
0.2130,0.0550,0.9487,-0.2438,0.98
0.2130,0.0539,0.9486,-0.2445,0.98
0.2130,0.0529,0.9485,-0.2453,0.98
0.2130,0.0520,0.9486,-0.2462,0.98
0.2140,0.0513,0.9488,-0.2471,0.98
0.2140,0.0507,0.9490,-0.2480,0.98
0.2140,0.0506,0.9494,-0.2490,0.98
0.2140,0.0509,0.9499,-0.2498,0.98
0.2240,0.0514,0.9502,-0.2503,0.98
0.2250,0.0522,0.9504,-0.2508,0.98
0.2260,0.0530,0.9505,-0.2511,0.98
0.2570,0.0537,0.9505,-0.2513,0.98
0.2580,0.0544,0.9504,-0.2513,0.98
0.2580,0.0549,0.9502,-0.2512,0.98
0.2580,0.0551,0.9500,-0.2510,0.98
0.2590,0.0552,0.9498,-0.2508,0.98
0.2590,0.0552,0.9495,-0.2506,0.98
0.2590,0.0550,0.9493,-0.2505,0.98
0.2590,0.0546,0.9491,-0.2505,0.98
0.2710,0.0542,0.9490,-0.2505,0.98
0.2710,0.0541,0.9486,-0.2505,0.98
0.2710,0.0540,0.9483,-0.2502,0.98
0.2730,0.0535,0.9482,-0.2501,0.98
0.3060,0.0528,0.9483,-0.2502,0.98
0.3090,0.0521,0.9484,-0.2504,0.98
0.3090,0.0516,0.9487,-0.2508,0.98
0.3090,0.0513,0.9490,-0.2513,0.98
0.3090,0.0515,0.9493,-0.2516,0.98
0.3100,0.0518,0.9496,-0.2516,0.98
0.3100,0.0524,0.9498,-0.2514,0.98
0.3100,0.0530,0.9500,-0.2510,0.98
0.3100,0.0535,0.9500,-0.2506,0.98
0.3180,0.0540,0.9499,-0.2502,0.98
0.3190,0.0544,0.9497,-0.2498,0.98
0.3200,0.0549,0.9493,-0.2493,0.98
0.3480,0.0552,0.9487,-0.2488,0.98
0.3480,0.0552,0.9483,-0.2484,0.98
0.3490,0.0548,0.9479,-0.2482,0.98
0.3650,0.0542,0.9476,-0.2483,0.98
0.3660,0.0532,0.9474,-0.2487,0.98
0.3660,0.0521,0.9474,-0.2494,0.98
0.3670,0.0511,0.9476,-0.2504,0.98
0.3680,0.0501,0.9477,-0.2515,0.98
0.3680,0.0492,0.9480,-0.2525,0.98
0.3680,0.0486,0.9481,-0.2533,0.98
0.3690,0.0482,0.9482,-0.2538,0.98
0.3690,0.0480,0.9483,-0.2538,0.98
0.3710,0.0481,0.9483,-0.2536,0.98
0.3770,0.0484,0.9483,-0.2531,0.98
0.3790,0.0486,0.9481,-0.2523,0.98
0.3830,0.0488,0.9479,-0.2516,0.98
0.3870,0.0488,0.9477,-0.2508,0.98
0.3920,0.0487,0.9475,-0.2501,0.98
0.3950,0.0485,0.9474,-0.2493,0.98
0.3990,0.0481,0.9472,-0.2487,0.98
0.4030,0.0477,0.9472,-0.2484,0.98
0.4090,0.0472,0.9471,-0.2481,0.98
0.4110,0.0468,0.9471,-0.2481,0.98
0.4150,0.0463,0.9471,-0.2483,0.98
0.4190,0.0458,0.9473,-0.2486,0.98
0.4230,0.0454,0.9475,-0.2490,0.98
0.4330,0.0450,0.9477,-0.2494,0.98
0.4340,0.0448,0.9481,-0.2497,0.98
0.4350,0.0448,0.9485,-0.2499,0.98
0.4380,0.0451,0.9488,-0.2499,0.98
0.4800,0.0454,0.9491,-0.2498,0.98
0.4800,0.0459,0.9493,-0.2493,0.98
0.4810,0.0464,0.9494,-0.2487,0.98
0.4810,0.0468,0.9496,-0.2481,0.98
0.4810,0.0471,0.9497,-0.2474,0.98
0.4810,0.0471,0.9497,-0.2466,0.98
0.4840,0.0470,0.9498,-0.2459,0.98
0.4840,0.0465,0.9499,-0.2453,0.98
0.4850,0.0460,0.9499,-0.2450,0.98
0.4850,0.0453,0.9499,-0.2451,0.98
0.4860,0.0446,0.9498,-0.2452,0.98
0.4860,0.0441,0.9498,-0.2453,0.98
0.4920,0.0441,0.9495,-0.2454,0.98
0.4940,0.0438,0.9493,-0.2454,0.98
0.4980,0.0431,0.9493,-0.2454,0.98
0.5010,0.0423,0.9492,-0.2452,0.98
0.5070,0.0413,0.9492,-0.2452,0.98
0.5120,0.0404,0.9491,-0.2454,0.98
0.5140,0.0396,0.9491,-0.2456,0.98
0.5170,0.0389,0.9490,-0.2458,0.98
0.5220,0.0386,0.9489,-0.2460,0.98
0.5260,0.0384,0.9487,-0.2459,0.98
0.5290,0.0384,0.9487,-0.2455,0.98
0.5330,0.0387,0.9486,-0.2448,0.98
0.5370,0.0389,0.9487,-0.2439,0.98
0.5480,0.0392,0.9488,-0.2429,0.98
0.5480,0.0396,0.9490,-0.2419,0.98
0.5490,0.0399,0.9493,-0.2411,0.98
0.5530,0.0403,0.9497,-0.2404,0.98
0.5570,0.0407,0.9500,-0.2400,0.98
0.5860,0.0410,0.9505,-0.2397,0.98
0.5870,0.0413,0.9509,-0.2396,0.98
0.5870,0.0415,0.9513,-0.2399,0.98
0.5870,0.0413,0.9518,-0.2401,0.98
0.5870,0.0411,0.9522,-0.2404,0.98
0.5880,0.0410,0.9526,-0.2406,0.98
0.5880,0.0409,0.9528,-0.2409,0.98
0.5960,0.0406,0.9531,-0.2411,0.98
0.5960,0.0403,0.9532,-0.2412,0.98
0.5970,0.0399,0.9532,-0.2412,0.98
0.6030,0.0396,0.9531,-0.2410,0.98
0.6040,0.0392,0.9528,-0.2408,0.98
0.6170,0.0390,0.9524,-0.2403,0.98
0.6170,0.0387,0.9521,-0.2397,0.98
0.6170,0.0383,0.9517,-0.2392,0.98
0.6200,0.0380,0.9513,-0.2388,0.98
0.6240,0.0378,0.9508,-0.2383,0.98
0.6330,0.0375,0.9504,-0.2380,0.98
0.6340,0.0373,0.9503,-0.2379,0.98
0.6350,0.0373,0.9502,-0.2380,0.98
0.6400,0.0374,0.9502,-0.2383,0.98
0.6500,0.0377,0.9503,-0.2388,0.98
0.6500,0.0380,0.9505,-0.2393,0.98
0.6510,0.0384,0.9506,-0.2398,0.98
0.6560,0.0389,0.9508,-0.2405,0.98
0.6670,0.0393,0.9510,-0.2409,0.98
0.6680,0.0397,0.9511,-0.2412,0.98
0.6680,0.0400,0.9513,-0.2415,0.98
0.6720,0.0403,0.9513,-0.2415,0.98
0.6830,0.0405,0.9513,-0.2415,0.98
0.6840,0.0407,0.9512,-0.2413,0.98
0.6840,0.0408,0.9511,-0.2410,0.98
0.6870,0.0410,0.9509,-0.2408,0.98
0.6910,0.0408,0.9509,-0.2405,0.98
0.7010,0.0406,0.9509,-0.2404,0.98
0.7010,0.0404,0.9510,-0.2404,0.98
0.7030,0.0405,0.9509,-0.2403,0.98
0.7070,0.0406,0.9509,-0.2402,0.98
0.7360,0.0408,0.9509,-0.2402,0.98
0.7360,0.0412,0.9509,-0.2402,0.98
0.7370,0.0416,0.9510,-0.2400,0.98
0.7370,0.0421,0.9511,-0.2398,0.98
0.7380,0.0426,0.9512,-0.2397,0.98
0.7600,0.0432,0.9515,-0.2395,0.98
0.7600,0.0436,0.9517,-0.2392,0.98
0.7600,0.0441,0.9520,-0.2389,0.98
0.7600,0.0446,0.9523,-0.2384,0.98
0.7610,0.0451,0.9526,-0.2380,0.98
0.7620,0.0455,0.9528,-0.2375,0.98
0.7620,0.0458,0.9530,-0.2370,0.98
0.7620,0.0460,0.9531,-0.2366,0.98
0.7620,0.0461,0.9532,-0.2361,0.98
0.7660,0.0462,0.9532,-0.2358,0.98
0.7700,0.0463,0.9532,-0.2355,0.98
0.7740,0.0464,0.9532,-0.2354,0.98
0.7780,0.0466,0.9530,-0.2353,0.98
0.7820,0.0467,0.9528,-0.2353,0.98
0.7860,0.0467,0.9525,-0.2354,0.98
0.7890,0.0466,0.9523,-0.2356,0.98
0.7940,0.0462,0.9520,-0.2358,0.98
0.7970,0.0458,0.9519,-0.2374,0.98
0.8010,0.0455,0.9518,-0.2383,0.98
0.8060,0.0451,0.9521,-0.2401,0.98
0.8100,0.0450,0.9527,-0.2416,0.98
0.8130,0.0440,0.9532,-0.2423,0.98
0.8170,0.0426,0.9536,-0.2426,0.98
0.8220,0.0412,0.9537,-0.2425,0.98
0.8270,0.0398,0.9537,-0.2422,0.98
0.8300,0.0383,0.9537,-0.2416,0.98
0.8330,0.0370,0.9534,-0.2409,0.98
0.8370,0.0359,0.9532,-0.2402,0.98
0.8410,0.0349,0.9528,-0.2394,0.98
0.8490,0.0339,0.9524,-0.2386,0.98
0.8490,0.0327,0.9521,-0.2379,0.98
0.8530,0.0316,0.9519,-0.2375,0.98
0.8560,0.0304,0.9516,-0.2373,0.98
0.8820,0.0290,0.9515,-0.2372,0.98
0.8820,0.0276,0.9515,-0.2373,0.98
0.8820,0.0263,0.9515,-0.2377,0.98
0.8830,0.0252,0.9517,-0.2384,0.98
0.8830,0.0244,0.9519,-0.2391,0.98
0.8830,0.0239,0.9522,-0.2399,0.98
0.8840,0.0238,0.9526,-0.2407,0.98
0.8880,0.0242,0.9530,-0.2414,0.98
0.8940,0.0249,0.9536,-0.2419,0.98
0.8960,0.0258,0.9541,-0.2421,0.98
0.9000,0.0269,0.9545,-0.2420,0.99
0.9040,0.0280,0.9548,-0.2417,0.99
0.9080,0.0292,0.9551,-0.2410,0.99
0.9120,0.0303,0.9554,-0.2400,0.99
0.9160,0.0314,0.9555,-0.2390,0.99
0.9200,0.0322,0.9556,-0.2378,0.99
0.9250,0.0327,0.9556,-0.2367,0.99
0.9280,0.0329,0.9556,-0.2358,0.98
0.9320,0.0328,0.9555,-0.2348,0.98
0.9360,0.0323,0.9554,-0.2342,0.98
0.9400,0.0317,0.9555,-0.2337,0.98
0.9440,0.0307,0.9557,-0.2338,0.98
0.9480,0.0298,0.9560,-0.2343,0.98
0.9520,0.0290,0.9563,-0.2353,0.99
0.9560,0.0284,0.9569,-0.2368,0.99
0.9600,0.0281,0.9575,-0.2387,0.99
0.9630,0.0283,0.9584,-0.2408,0.99
0.9670,0.0290,0.9593,-0.2431,0.99
0.9710,0.0303,0.9603,-0.2450,0.99
0.9750,0.0321,0.9612,-0.2466,0.99
0.9830,0.0344,0.9622,-0.2476,0.99
0.9830,0.0369,0.9630,-0.2480,1.00
0.9880,0.0397,0.9635,-0.2477,1.00
0.9910,0.0423,0.9639,-0.2467,1.00
1.0190,0.0446,0.9640,-0.2452,1.00
1.0190,0.0464,0.9640,-0.2433,1.00
1.0190,0.0477,0.9637,-0.2412,0.99
1.0200,0.0484,0.9635,-0.2390,0.99
1.0200,0.0484,0.9631,-0.2370,0.99
1.0200,0.0479,0.9627,-0.2353,0.99
1.0200,0.0468,0.9621,-0.2340,0.99
1.0220,0.0453,0.9618,-0.2331,0.99
1.0300,0.0434,0.9614,-0.2326,0.99
1.0300,0.0410,0.9610,-0.2326,0.99
1.0340,0.0385,0.9607,-0.2330,0.99
1.0380,0.0360,0.9605,-0.2335,0.99
1.0440,0.0337,0.9603,-0.2344,0.99
1.0460,0.0316,0.9602,-0.2354,0.99
1.0510,0.0299,0.9601,-0.2361,0.99
1.0540,0.0286,0.9599,-0.2365,0.99
1.0580,0.0277,0.9596,-0.2365,0.99
1.0620,0.0271,0.9593,-0.2359,0.99
1.0660,0.0268,0.9588,-0.2347,0.99
1.0700,0.0264,0.9581,-0.2331,0.99
1.0750,0.0261,0.9572,-0.2311,0.99
1.0780,0.0255,0.9562,-0.2289,0.98
1.0820,0.0247,0.9550,-0.2264,0.98
1.0860,0.0235,0.9538,-0.2240,0.98
1.0900,0.0221,0.9526,-0.2216,0.98
1.0980,0.0205,0.9513,-0.2194,0.98
1.0990,0.0187,0.9502,-0.2175,0.97
1.1020,0.0167,0.9492,-0.2159,0.97
1.1050,0.0147,0.9483,-0.2147,0.97
1.1230,0.0127,0.9477,-0.2139,0.97
1.1230,0.0109,0.9472,-0.2135,0.97
1.1230,0.0093,0.9469,-0.2135,0.97
1.1240,0.0081,0.9468,-0.2136,0.97
1.1530,0.0073,0.9469,-0.2141,0.97
1.1530,0.0072,0.9470,-0.2148,0.97
1.1530,0.0077,0.9471,-0.2156,0.97
1.1540,0.0089,0.9472,-0.2165,0.97
1.1540,0.0105,0.9473,-0.2173,0.97
1.1540,0.0128,0.9475,-0.2181,0.97
1.1550,0.0154,0.9474,-0.2185,0.97
1.1550,0.0182,0.9473,-0.2188,0.97
1.1570,0.0209,0.9472,-0.2188,0.97
1.1600,0.0235,0.9471,-0.2186,0.97
1.1650,0.0257,0.9470,-0.2181,0.97
1.1680,0.0275,0.9470,-0.2177,0.97
1.1720,0.0288,0.9470,-0.2171,0.97
1.1770,0.0295,0.9472,-0.2165,0.97
1.1800,0.0298,0.9476,-0.2161,0.97
1.1840,0.0297,0.9480,-0.2159,0.97
1.1880,0.0292,0.9486,-0.2160,0.97
1.1920,0.0285,0.9492,-0.2162,0.97
1.1960,0.0279,0.9501,-0.2165,0.97
1.2000,0.0276,0.9509,-0.2170,0.98
1.2040,0.0277,0.9517,-0.2174,0.98
1.2080,0.0282,0.9525,-0.2177,0.98
1.2120,0.0294,0.9532,-0.2179,0.98
1.2150,0.0311,0.9538,-0.2180,0.98
1.2190,0.0332,0.9541,-0.2179,0.98
1.2230,0.0355,0.9542,-0.2178,0.98
1.2280,0.0375,0.9544,-0.2177,0.98
1.2310,0.0393,0.9544,-0.2177,0.98
1.2350,0.0407,0.9545,-0.2180,0.98
1.2390,0.0415,0.9545,-0.2185,0.98
1.2520,0.0415,0.9547,-0.2193,0.98
1.2520,0.0407,0.9549,-0.2205,0.98
1.2520,0.0390,0.9551,-0.2220,0.98
1.2600,0.0367,0.9555,-0.2238,0.98
1.2600,0.0339,0.9558,-0.2258,0.98
1.2830,0.0308,0.9563,-0.2275,0.98
1.2830,0.0278,0.9569,-0.2290,0.98
1.2830,0.0248,0.9577,-0.2298,0.99
1.2840,0.0222,0.9586,-0.2303,0.99
1.2840,0.0201,0.9593,-0.2302,0.99
1.2850,0.0183,0.9599,-0.2297,0.99
1.2870,0.0170,0.9601,-0.2288,0.99
1.2910,0.0163,0.9598,-0.2279,0.99
1.2950,0.0161,0.9592,-0.2270,0.99
1.2980,0.0165,0.9582,-0.2265,0.98
1.3020,0.0172,0.9570,-0.2266,0.98
1.3070,0.0185,0.9556,-0.2273,0.98
1.3110,0.0199,0.9542,-0.2287,0.98
1.3140,0.0217,0.9527,-0.2305,0.98
1.3190,0.0235,0.9515,-0.2327,0.98
1.3230,0.0254,0.9503,-0.2349,0.98
1.3270,0.0273,0.9493,-0.2370,0.98
1.3300,0.0293,0.9485,-0.2386,0.98
1.3350,0.0315,0.9477,-0.2394,0.98
1.3380,0.0337,0.9469,-0.2394,0.98
1.3420,0.0359,0.9461,-0.2384,0.98
1.3460,0.0382,0.9451,-0.2363,0.97
1.3500,0.0405,0.9440,-0.2334,0.97
1.3540,0.0425,0.9426,-0.2296,0.97
1.3570,0.0443,0.9410,-0.2252,0.97
1.3620,0.0455,0.9391,-0.2207,0.97
1.3660,0.0462,0.9370,-0.2166,0.96
1.3700,0.0464,0.9347,-0.2134,0.96
1.3740,0.0460,0.9324,-0.2114,0.96
1.3840,0.0448,0.9300,-0.2107,0.95
1.3850,0.0432,0.9278,-0.2114,0.95
1.3860,0.0413,0.9259,-0.2133,0.95
1.3890,0.0391,0.9244,-0.2160,0.95
1.4110,0.0367,0.9235,-0.2190,0.95
1.4110,0.0342,0.9232,-0.2220,0.95
1.4110,0.0316,0.9235,-0.2244,0.95
1.4120,0.0289,0.9243,-0.2260,0.95
1.4130,0.0259,0.9253,-0.2267,0.95
1.4130,0.0229,0.9266,-0.2266,0.95
1.4170,0.0197,0.9282,-0.2260,0.96
1.4220,0.0164,0.9299,-0.2250,0.96
1.4250,0.0130,0.9317,-0.2238,0.96
1.4290,0.0093,0.9334,-0.2228,0.96
1.4330,0.0054,0.9352,-0.2221,0.96
1.4370,0.0011,0.9372,-0.2218,0.96
1.4410,-0.0035,0.9392,-0.2220,0.97
1.4450,-0.0083,0.9414,-0.2226,0.97
1.4480,-0.0132,0.9438,-0.2233,0.97
1.4530,-0.0178,0.9463,-0.2241,0.97
1.4570,-0.0220,0.9491,-0.2250,0.98
1.4620,-0.0257,0.9520,-0.2257,0.98
1.4640,-0.0291,0.9548,-0.2261,0.98
1.4680,-0.0321,0.9575,-0.2259,0.98
1.4730,-0.0351,0.9599,-0.2253,0.99
1.4840,-0.0379,0.9620,-0.2243,0.99
1.4840,-0.0410,0.9637,-0.2233,0.99
1.4860,-0.0444,0.9652,-0.2225,0.99
1.4880,-0.0482,0.9665,-0.2220,0.99
1.4920,-0.0523,0.9678,-0.2224,0.99
1.5100,-0.0566,0.9692,-0.2235,1.00
1.5120,-0.0610,0.9708,-0.2251,1.00
1.5120,-0.0652,0.9730,-0.2273,1.00
1.5130,-0.0693,0.9754,-0.2297,1.00
1.5130,-0.0731,0.9784,-0.2323,1.01
1.5150,-0.0765,0.9818,-0.2346,1.01
1.5360,-0.0796,0.9855,-0.2363,1.02
1.5360,-0.0822,0.9894,-0.2370,1.02
1.5370,-0.0844,0.9931,-0.2368,1.02
1.5370,-0.0863,0.9965,-0.2355,1.03
1.5370,-0.0880,0.9993,-0.2336,1.03
1.5390,-0.0897,1.0015,-0.2313,1.03
1.5430,-0.0915,1.0028,-0.2288,1.03
1.5490,-0.0935,1.0033,-0.2265,1.03
1.5510,-0.0958,1.0029,-0.2246,1.03
1.5560,-0.0984,1.0019,-0.2232,1.03
1.5590,-0.1013,1.0004,-0.2226,1.03
1.5630,-0.1042,0.9987,-0.2225,1.03
1.5670,-0.1074,0.9968,-0.2227,1.03
1.5710,-0.1107,0.9953,-0.2227,1.03
1.5750,-0.1139,0.9943,-0.2224,1.03
1.5790,-0.1172,0.9938,-0.2216,1.02
1.5830,-0.1204,0.9942,-0.2205,1.03
1.5870,-0.1234,0.9953,-0.2193,1.03
1.5910,-0.1260,0.9972,-0.2180,1.03
1.6000,-0.1281,0.9996,-0.2170,1.03
1.6010,-0.1296,1.0022,-0.2162,1.03
1.6020,-0.1303,1.0048,-0.2157,1.04
1.6060,-0.1302,1.0070,-0.2155,1.04
1.6380,-0.1293,1.0086,-0.2157,1.04
1.6380,-0.1277,1.0096,-0.2160,1.04
1.6390,-0.1258,1.0100,-0.2167,1.04
1.6390,-0.1237,1.0096,-0.2177,1.04
1.6390,-0.1216,1.0085,-0.2185,1.04
1.6390,-0.1199,1.0069,-0.2190,1.04
1.6400,-0.1185,1.0050,-0.2193,1.04
1.6400,-0.1173,1.0028,-0.2190,1.03
1.6420,-0.1163,1.0004,-0.2182,1.03
1.6470,-0.1152,0.9977,-0.2167,1.03
1.6500,-0.1143,0.9949,-0.2148,1.02
1.6530,-0.1129,0.9917,-0.2127,1.02
1.6580,-0.1106,0.9881,-0.2111,1.02
1.6620,-0.1070,0.9838,-0.2101,1.01
1.6650,-0.1022,0.9789,-0.2100,1.01
1.6690,-0.0962,0.9733,-0.2107,1.00
1.6740,-0.0896,0.9670,-0.2115,0.99
1.6780,-0.0824,0.9602,-0.2126,0.99
1.6810,-0.0751,0.9530,-0.2134,0.98
1.6850,-0.0679,0.9457,-0.2141,0.97
1.6890,-0.0608,0.9385,-0.2147,0.96
1.6950,-0.0536,0.9316,-0.2149,0.96
1.6960,-0.0465,0.9253,-0.2147,0.95
1.7010,-0.0393,0.9198,-0.2146,0.95
1.7050,-0.0316,0.9152,-0.2146,0.94
1.7090,-0.0238,0.9115,-0.2149,0.94
1.7130,-0.0160,0.9085,-0.2162,0.93
1.7170,-0.0081,0.9057,-0.2185,0.93
1.7210,0.0003,0.9030,-0.2216,0.93
1.7250,0.0089,0.8999,-0.2252,0.93
1.7290,0.0178,0.8964,-0.2291,0.93
1.7320,0.0267,0.8926,-0.2331,0.92
1.7370,0.0361,0.8884,-0.2375,0.92
1.7400,0.0461,0.8840,-0.2419,0.92
1.7450,0.0563,0.8795,-0.2461,0.92
1.7480,0.0669,0.8754,-0.2497,0.91
1.7520,0.0779,0.8716,-0.2528,0.91
1.7560,0.0889,0.8685,-0.2552,0.91
1.7600,0.1000,0.8663,-0.2568,0.91
1.7680,0.1115,0.8648,-0.2579,0.91
1.7680,0.1226,0.8641,-0.2582,0.91
1.7720,0.1336,0.8641,-0.2579,0.91
1.7760,0.1447,0.8645,-0.2576,0.91
1.7910,0.1556,0.8653,-0.2572,0.92
1.7920,0.1665,0.8663,-0.2570,0.92
1.7920,0.1772,0.8672,-0.2573,0.92
1.7920,0.1878,0.8681,-0.2581,0.92
1.8020,0.1977,0.8687,-0.2593,0.93
1.8020,0.2068,0.8691,-0.2608,0.93
1.8030,0.2153,0.8694,-0.2629,0.93
1.8070,0.2227,0.8696,-0.2651,0.94
1.8120,0.2291,0.8699,-0.2675,0.94
1.8150,0.2351,0.8700,-0.2704,0.94
1.8190,0.2407,0.8703,-0.2733,0.94
1.8230,0.2459,0.8707,-0.2760,0.95
1.8270,0.2510,0.8714,-0.2785,0.95
1.8310,0.2559,0.8722,-0.2805,0.95
1.8350,0.2606,0.8732,-0.2822,0.95
1.8390,0.2648,0.8741,-0.2832,0.96
1.8430,0.2683,0.8750,-0.2836,0.96
1.8470,0.2713,0.8758,-0.2837,0.96
1.8510,0.2738,0.8764,-0.2837,0.96
1.8550,0.2759,0.8768,-0.2835,0.96
1.8590,0.2771,0.8772,-0.2833,0.96
1.8630,0.2775,0.8777,-0.2831,0.96
1.8670,0.2768,0.8782,-0.2831,0.96
1.8710,0.2755,0.8789,-0.2839,0.96
1.8750,0.2735,0.8800,-0.2856,0.96
1.8840,0.2711,0.8814,-0.2882,0.97
1.8850,0.2683,0.8831,-0.2921,0.97
1.8860,0.2653,0.8851,-0.2970,0.97
1.8900,0.2619,0.8870,-0.3029,0.97
1.9070,0.2582,0.8888,-0.3105,0.98
1.9070,0.2544,0.8902,-0.3201,0.98
1.9070,0.2501,0.8914,-0.3312,0.98
1.9080,0.2454,0.8921,-0.3421,0.99
1.9100,0.2413,0.8925,-0.3509,0.99
1.9370,0.2381,0.8926,-0.3557,0.99
1.9380,0.2367,0.8923,-0.3561,0.99
1.9380,0.2371,0.8918,-0.3528,0.99
1.9380,0.2390,0.8911,-0.3468,0.99
1.9390,0.2419,0.8902,-0.3385,0.98
1.9390,0.2450,0.8888,-0.3282,0.98
1.9390,0.2479,0.8876,-0.3158,0.97
1.9420,0.2504,0.8869,-0.3021,0.97
1.9450,0.2519,0.8871,-0.2882,0.97
1.9490,0.2523,0.8886,-0.2757,0.96
1.9530,0.2520,0.8916,-0.2659,0.96
1.9570,0.2516,0.8957,-0.2591,0.97
1.9620,0.2515,0.9007,-0.2546,0.97
1.9650,0.2513,0.9060,-0.2514,0.97
1.9690,0.2504,0.9109,-0.2487,0.98
1.9730,0.2479,0.9148,-0.2457,0.98
1.9770,0.2436,0.9177,-0.2425,0.98
1.9810,0.2374,0.9195,-0.2387,0.98
1.9850,0.2298,0.9206,-0.2344,0.98
1.9890,0.2209,0.9214,-0.2293,0.97
1.9930,0.2111,0.9219,-0.2233,0.97
1.9970,0.2004,0.9226,-0.2161,0.97
2.0000,0.1892,0.9234,-0.2080,0.97
2.0040,0.1786,0.9245,-0.1993,0.96
2.0080,0.1691,0.9256,-0.1913,0.96
2.0220,0.1610,0.9265,-0.1850,0.96
2.0230,0.1550,0.9270,-0.1805,0.96
2.0230,0.1508,0.9273,-0.1776,0.96
2.0260,0.1481,0.9273,-0.1758,0.96
2.0410,0.1465,0.9271,-0.1741,0.95
2.0410,0.1455,0.9266,-0.1720,0.95
2.0410,0.1450,0.9261,-0.1691,0.95
2.0420,0.1450,0.9256,-0.1654,0.95
2.0440,0.1451,0.9255,-0.1613,0.95
2.0500,0.1453,0.9256,-0.1573,0.95
2.0510,0.1455,0.9261,-0.1540,0.95
2.0560,0.1456,0.9269,-0.1508,0.95
2.0600,0.1450,0.9276,-0.1469,0.95
2.0640,0.1440,0.9284,-0.1429,0.95
2.0680,0.1432,0.9291,-0.1390,0.95
2.0710,0.1431,0.9296,-0.1358,0.95
2.0760,0.1437,0.9299,-0.1337,0.95
2.0800,0.1446,0.9300,-0.1324,0.95
2.0830,0.1453,0.9301,-0.1318,0.95
2.0880,0.1458,0.9303,-0.1316,0.95
2.0920,0.1463,0.9306,-0.1315,0.95
2.0960,0.1470,0.9313,-0.1317,0.95
2.0990,0.1483,0.9322,-0.1322,0.95
2.1040,0.1504,0.9334,-0.1330,0.95
2.1080,0.1528,0.9347,-0.1339,0.96
2.1120,0.1560,0.9359,-0.1351,0.96
2.1150,0.1598,0.9369,-0.1362,0.96
2.1190,0.1641,0.9375,-0.1371,0.96
2.1230,0.1687,0.9378,-0.1378,0.96
2.1280,0.1736,0.9380,-0.1383,0.96
2.1310,0.1790,0.9378,-0.1387,0.96
2.1350,0.1848,0.9376,-0.1397,0.97
2.1390,0.1909,0.9375,-0.1414,0.97
2.1430,0.1973,0.9375,-0.1441,0.97
2.1470,0.2038,0.9380,-0.1473,0.97
2.1510,0.2101,0.9389,-0.1514,0.97
2.1550,0.2166,0.9400,-0.1561,0.98
2.1590,0.2230,0.9414,-0.1606,0.98
2.1680,0.2297,0.9425,-0.1647,0.98
2.1690,0.2362,0.9430,-0.1680,0.99
2.1700,0.2421,0.9428,-0.1696,0.99
2.1740,0.2474,0.9418,-0.1700,0.99
2.1880,0.2518,0.9401,-0.1693,0.99
2.1890,0.2556,0.9376,-0.1684,0.99
2.1890,0.2593,0.9346,-0.1686,0.98
2.1900,0.2632,0.9313,-0.1701,0.98
2.1940,0.2678,0.9281,-0.1734,0.98
2.1980,0.2731,0.9254,-0.1784,0.98
2.2020,0.2788,0.9235,-0.1847,0.98
2.2060,0.2853,0.9226,-0.1924,0.98
2.2100,0.2924,0.9223,-0.2016,0.99
2.2140,0.3000,0.9226,-0.2116,0.99
2.2170,0.3085,0.9240,-0.2208,1.00
2.2210,0.3175,0.9260,-0.2277,1.01
2.2260,0.3265,0.9281,-0.2320,1.01
2.2300,0.3354,0.9297,-0.2342,1.02
2.2330,0.3434,0.9304,-0.2351,1.02
2.2380,0.3499,0.9300,-0.2346,1.02
2.2410,0.3547,0.9283,-0.2330,1.02
2.2470,0.3572,0.9257,-0.2306,1.02
2.2490,0.3573,0.9226,-0.2278,1.02
2.2530,0.3548,0.9191,-0.2254,1.01
2.2570,0.3500,0.9159,-0.2249,1.01
2.2630,0.3432,0.9135,-0.2270,1.00
2.2650,0.3351,0.9123,-0.2324,1.00
2.2690,0.3267,0.9120,-0.2414,1.00
2.2730,0.3195,0.9121,-0.2532,1.00
2.2770,0.3144,0.9119,-0.2661,1.00
2.2810,0.3118,0.9106,-0.2781,1.00
2.2850,0.3117,0.9077,-0.2875,1.00
2.2890,0.3140,0.9028,-0.2932,1.00
2.2930,0.3179,0.8960,-0.2944,1.00
2.3020,0.3229,0.8878,-0.2914,0.99
2.3030,0.3284,0.8788,-0.2848,0.98
2.3040,0.3337,0.8696,-0.2752,0.97
2.3270,0.3383,0.8609,-0.2638,0.96
2.3270,0.3410,0.8534,-0.2515,0.95
2.3270,0.3412,0.8479,-0.2397,0.94
2.3280,0.3381,0.8451,-0.2297,0.94
2.3280,0.3309,0.8452,-0.2219,0.93
2.3280,0.3200,0.8483,-0.2165,0.93
2.3490,0.3065,0.8540,-0.2135,0.93
2.3490,0.2921,0.8619,-0.2133,0.93
2.3490,0.2780,0.8712,-0.2157,0.94
2.3500,0.2647,0.8815,-0.2207,0.95
2.3500,0.2525,0.8922,-0.2272,0.95
2.3570,0.2414,0.9032,-0.2347,0.96
2.3570,0.2315,0.9142,-0.2420,0.97
2.3600,0.2227,0.9248,-0.2480,0.98
2.3710,0.2151,0.9351,-0.2526,0.99
2.3710,0.2087,0.9451,-0.2556,1.00
2.3720,0.2037,0.9546,-0.2561,1.01
2.3750,0.2000,0.9632,-0.2541,1.02
2.3880,0.1975,0.9708,-0.2497,1.02
2.3880,0.1959,0.9770,-0.2436,1.03
2.3880,0.1943,0.9817,-0.2369,1.03
2.3910,0.1928,0.9848,-0.2312,1.03
2.4050,0.1909,0.9864,-0.2280,1.03
2.4060,0.1889,0.9869,-0.2280,1.03
2.4060,0.1862,0.9863,-0.2316,1.03
2.4060,0.1827,0.9851,-0.2391,1.03
2.4220,0.1790,0.9835,-0.2492,1.03
2.4220,0.1748,0.9819,-0.2603,1.03
2.4220,0.1706,0.9801,-0.2701,1.03
2.4230,0.1669,0.9780,-0.2773,1.03
2.4270,0.1644,0.9750,-0.2826,1.03
2.4540,0.1638,0.9713,-0.2870,1.03
2.4540,0.1649,0.9670,-0.2907,1.02
2.4550,0.1676,0.9623,-0.2934,1.02
2.4550,0.1710,0.9577,-0.2941,1.02
2.4550,0.1740,0.9536,-0.2922,1.01
2.4550,0.1757,0.9497,-0.2884,1.01
2.4560,0.1751,0.9461,-0.2841,1.00
2.4620,0.1719,0.9423,-0.2805,1.00
2.4620,0.1661,0.9383,-0.2781,0.99
2.4720,0.1587,0.9340,-0.2784,0.99
2.4720,0.1498,0.9298,-0.2813,0.98
2.4750,0.1400,0.9261,-0.2857,0.98
2.4780,0.1293,0.9234,-0.2898,0.98
2.4890,0.1183,0.9220,-0.2916,0.97
2.4900,0.1080,0.9215,-0.2907,0.97
2.4900,0.0984,0.9218,-0.2872,0.97
2.4940,0.0895,0.9228,-0.2823,0.97
2.5050,0.0809,0.9242,-0.2771,0.97
2.5060,0.0726,0.9259,-0.2725,0.97
2.5060,0.0640,0.9283,-0.2692,0.97
2.5100,0.0547,0.9310,-0.2673,0.97
2.5210,0.0445,0.9339,-0.2666,0.97
2.5210,0.0334,0.9366,-0.2669,0.97
2.5220,0.0216,0.9388,-0.2677,0.98
2.5250,0.0097,0.9406,-0.2687,0.98
2.5390,-0.0018,0.9418,-0.2699,0.98
2.5390,-0.0129,0.9427,-0.2715,0.98
2.5390,-0.0231,0.9433,-0.2736,0.98
2.5410,-0.0319,0.9436,-0.2762,0.98
2.5450,-0.0392,0.9442,-0.2786,0.99
2.5780,-0.0447,0.9451,-0.2805,0.99
2.5780,-0.0484,0.9462,-0.2810,0.99
2.5790,-0.0505,0.9475,-0.2804,0.99
2.5790,-0.0512,0.9491,-0.2786,0.99
2.5790,-0.0507,0.9510,-0.2756,0.99
2.5800,-0.0494,0.9530,-0.2720,0.99
2.5800,-0.0479,0.9551,-0.2681,0.99
2.5810,-0.0467,0.9572,-0.2646,0.99
2.5820,-0.0458,0.9592,-0.2619,1.00
2.5860,-0.0457,0.9613,-0.2598,1.00
2.5880,-0.0465,0.9631,-0.2584,1.00
2.5920,-0.0480,0.9647,-0.2580,1.00
2.5970,-0.0504,0.9662,-0.2585,1.00
2.6000,-0.0535,0.9674,-0.2601,1.00
2.6040,-0.0570,0.9683,-0.2628,1.00
2.6080,-0.0606,0.9692,-0.2663,1.01
2.6140,-0.0640,0.9699,-0.2701,1.01
2.6160,-0.0668,0.9705,-0.2739,1.01
2.6200,-0.0689,0.9713,-0.2773,1.01
2.6230,-0.0700,0.9723,-0.2798,1.01
2.6280,-0.0701,0.9738,-0.2812,1.02
2.6320,-0.0692,0.9760,-0.2812,1.02
2.6350,-0.0673,0.9791,-0.2802,1.02
2.6390,-0.0649,0.9830,-0.2779,1.02
2.6440,-0.0622,0.9878,-0.2746,1.03
2.6480,-0.0592,0.9932,-0.2702,1.03
2.6510,-0.0558,0.9988,-0.2651,1.03
2.6560,-0.0522,1.0043,-0.2593,1.04
2.6590,-0.0485,1.0094,-0.2531,1.04
2.6690,-0.0449,1.0137,-0.2467,1.04
2.6700,-0.0415,1.0168,-0.2408,1.05
2.6710,-0.0388,1.0185,-0.2356,1.05
2.6750,-0.0366,1.0186,-0.2317,1.05
2.6800,-0.0352,1.0173,-0.2290,1.04
2.6910,-0.0346,1.0147,-0.2275,1.04
2.6910,-0.0346,1.0112,-0.2273,1.04
2.6920,-0.0349,1.0069,-0.2289,1.03
2.6950,-0.0352,1.0018,-0.2322,1.03
2.6990,-0.0354,0.9962,-0.2374,1.02
2.7220,-0.0354,0.9903,-0.2433,1.02
2.7220,-0.0350,0.9841,-0.2489,1.02
2.7230,-0.0341,0.9781,-0.2532,1.01
2.7230,-0.0323,0.9721,-0.2556,1.01
2.7230,-0.0293,0.9661,-0.2563,1.00
2.7240,-0.0245,0.9599,-0.2556,0.99
2.7260,-0.0181,0.9533,-0.2539,0.99
2.7320,-0.0097,0.9462,-0.2516,0.98
2.7340,0.0007,0.9388,-0.2489,0.97
2.7380,0.0130,0.9307,-0.2465,0.96
2.7420,0.0266,0.9222,-0.2439,0.95
2.7460,0.0412,0.9133,-0.2416,0.95
2.7510,0.0562,0.9038,-0.2395,0.94
2.7530,0.0709,0.8940,-0.2380,0.93
2.7570,0.0851,0.8839,-0.2373,0.92
2.7610,0.0980,0.8739,-0.2373,0.91
2.7670,0.1100,0.8646,-0.2379,0.90
2.7690,0.1210,0.8563,-0.2388,0.90
2.7730,0.1314,0.8493,-0.2398,0.89
2.7770,0.1411,0.8435,-0.2407,0.89
2.7820,0.1501,0.8390,-0.2413,0.89
2.7850,0.1587,0.8356,-0.2415,0.88
2.7890,0.1670,0.8331,-0.2416,0.88
2.7930,0.1759,0.8310,-0.2419,0.88
2.8060,0.1853,0.8290,-0.2424,0.88
2.8070,0.1956,0.8268,-0.2430,0.88
2.8070,0.2067,0.8242,-0.2437,0.88
2.8110,0.2185,0.8209,-0.2441,0.88
2.8390,0.2307,0.8169,-0.2444,0.88
2.8390,0.2426,0.8121,-0.2445,0.88
2.8390,0.2541,0.8070,-0.2443,0.88
2.8400,0.2643,0.8017,-0.2437,0.88
2.8400,0.2733,0.7966,-0.2431,0.88
2.8400,0.2813,0.7919,-0.2427,0.87
2.8410,0.2884,0.7879,-0.2426,0.87
2.8410,0.2950,0.7848,-0.2429,0.87
2.8450,0.3013,0.7827,-0.2438,0.87
2.8490,0.3076,0.7818,-0.2449,0.88
2.8520,0.3142,0.7816,-0.2463,0.88
2.8560,0.3219,0.7823,-0.2484,0.88
2.8610,0.3306,0.7833,-0.2505,0.89
2.8650,0.3401,0.7846,-0.2525,0.89
2.8680,0.3498,0.7859,-0.2539,0.90
2.8730,0.3596,0.7869,-0.2545,0.90
2.8770,0.3690,0.7876,-0.2544,0.91
2.8810,0.3773,0.7880,-0.2537,0.91
2.8840,0.3846,0.7881,-0.2527,0.91
2.8880,0.3913,0.7882,-0.2519,0.92
2.8920,0.3972,0.7883,-0.2513,0.92
2.8980,0.4026,0.7886,-0.2513,0.92
2.9000,0.4070,0.7893,-0.2515,0.92
2.9040,0.4107,0.7905,-0.2520,0.93
2.9080,0.4140,0.7921,-0.2528,0.93
2.9120,0.4169,0.7942,-0.2539,0.93
2.9160,0.4199,0.7966,-0.2554,0.94
2.9200,0.4231,0.7990,-0.2570,0.94
2.9240,0.4267,0.8013,-0.2586,0.94
2.9280,0.4306,0.8032,-0.2599,0.95
2.9390,0.4349,0.8046,-0.2609,0.95
2.9390,0.4395,0.8052,-0.2618,0.95
2.9400,0.4443,0.8049,-0.2629,0.96
2.9430,0.4489,0.8038,-0.2640,0.96
2.9610,0.4527,0.8021,-0.2653,0.96
2.9620,0.4558,0.8000,-0.2671,0.96
2.9640,0.4580,0.7977,-0.2695,0.96
2.9640,0.4601,0.7954,-0.2733,0.96
2.9650,0.4616,0.7931,-0.2785,0.96
2.9720,0.4625,0.7913,-0.2848,0.96
2.9730,0.4621,0.7899,-0.2912,0.96
2.9750,0.4613,0.7892,-0.2975,0.96
2.9790,0.4606,0.7893,-0.3030,0.96
2.9830,0.4604,0.7901,-0.3071,0.96
2.9870,0.4605,0.7913,-0.3087,0.97
2.9910,0.4608,0.7930,-0.3082,0.97
2.9950,0.4615,0.7949,-0.3061,0.97
2.9990,0.4630,0.7969,-0.3034,0.97
3.0030,0.4649,0.7988,-0.2995,0.97
3.0060,0.4673,0.8010,-0.2944,0.97
3.0110,0.4702,0.8031,-0.2896,0.97
3.0160,0.4738,0.8049,-0.2857,0.98
3.0180,0.4774,0.8066,-0.2828,0.98
3.0230,0.4804,0.8081,-0.2812,0.98
3.0260,0.4820,0.8099,-0.2806,0.98
3.0310,0.4816,0.8122,-0.2801,0.98
3.0340,0.4800,0.8147,-0.2799,0.99
3.0380,0.4772,0.8174,-0.2795,0.99
3.0420,0.4735,0.8201,-0.2784,0.99
3.0460,0.4691,0.8223,-0.2763,0.99
3.0490,0.4643,0.8241,-0.2731,0.98
3.0540,0.4592,0.8252,-0.2678,0.98
3.0580,0.4537,0.8259,-0.2608,0.98
3.0620,0.4472,0.8262,-0.2520,0.97
3.0730,0.4397,0.8262,-0.2421,0.97
3.0730,0.4310,0.8263,-0.2316,0.96
3.0740,0.4212,0.8266,-0.2213,0.95
3.0770,0.4106,0.8272,-0.2122,0.95
3.0930,0.3994,0.8285,-0.2045,0.94
3.0930,0.3880,0.8307,-0.1981,0.94
3.0940,0.3766,0.8338,-0.1928,0.93
3.0940,0.3655,0.8380,-0.1879,0.93
3.1150,0.3545,0.8428,-0.1836,0.93
3.1150,0.3445,0.8480,-0.1796,0.93
3.1150,0.3360,0.8533,-0.1761,0.93
3.1160,0.3299,0.8583,-0.1728,0.94
3.1160,0.3259,0.8625,-0.1693,0.94
3.1170,0.3235,0.8660,-0.1655,0.94
3.1210,0.3220,0.8688,-0.1615,0.94
3.1240,0.3210,0.8710,-0.1571,0.94
3.1290,0.3200,0.8731,-0.1525,0.94
3.1330,0.3191,0.8750,-0.1477,0.94
3.1360,0.3182,0.8770,-0.1433,0.94
3.1410,0.3173,0.8791,-0.1392,0.94
3.1450,0.3165,0.8816,-0.1355,0.95
3.1500,0.3153,0.8843,-0.1319,0.95
3.1520,0.3138,0.8874,-0.1283,0.95
3.1570,0.3121,0.8906,-0.1249,0.95
3.1600,0.3099,0.8940,-0.1220,0.95
3.1650,0.3073,0.8975,-0.1194,0.96
3.1680,0.3045,0.9010,-0.1174,0.96
3.1720,0.3021,0.9040,-0.1160,0.96
3.1760,0.3004,0.9064,-0.1154,0.96
3.1820,0.2995,0.9079,-0.1154,0.96
3.1830,0.2992,0.9085,-0.1155,0.96
3.1880,0.2993,0.9083,-0.1154,0.96
3.1920,0.2994,0.9073,-0.1148,0.96
3.1960,0.2994,0.9058,-0.1139,0.96
3.2070,0.2992,0.9041,-0.1129,0.96
3.2080,0.2989,0.9023,-0.1120,0.96
3.2080,0.2987,0.9007,-0.1114,0.96
3.2110,0.2984,0.8991,-0.1110,0.95
3.2240,0.2978,0.8978,-0.1109,0.95
3.2250,0.2968,0.8970,-0.1110,0.95
3.2250,0.2954,0.8969,-0.1115,0.95
3.2270,0.2938,0.8975,-0.1128,0.95
3.2360,0.2924,0.8989,-0.1150,0.95
3.2360,0.2912,0.9009,-0.1179,0.95
3.2390,0.2909,0.9033,-0.1214,0.96
3.2430,0.2918,0.9059,-0.1252,0.96
3.2490,0.2941,0.9081,-0.1287,0.96
3.2510,0.2979,0.9101,-0.1314,0.97
3.2550,0.3025,0.9117,-0.1330,0.97
3.2580,0.3074,0.9127,-0.1337,0.97
3.2630,0.3122,0.9132,-0.1334,0.97
3.2670,0.3160,0.9132,-0.1325,0.98
3.2710,0.3187,0.9128,-0.1320,0.98
3.2750,0.3201,0.9126,-0.1322,0.98
3.2790,0.3208,0.9125,-0.1336,0.98
3.2820,0.3219,0.9128,-0.1370,0.98
3.2870,0.3233,0.9135,-0.1423,0.98
3.2910,0.3250,0.9144,-0.1487,0.98
3.2940,0.3272,0.9154,-0.1558,0.98
3.2990,0.3302,0.9162,-0.1629,0.99
3.3020,0.3347,0.9170,-0.1697,0.99
3.3070,0.3412,0.9175,-0.1757,0.99
3.3100,0.3490,0.9181,-0.1805,1.00
3.3150,0.3577,0.9190,-0.1843,1.00
3.3180,0.3665,0.9200,-0.1865,1.01
3.3220,0.3751,0.9210,-0.1872,1.01
3.3260,0.3828,0.9214,-0.1869,1.02
3.3310,0.3889,0.9211,-0.1859,1.02
3.3340,0.3930,0.9201,-0.1849,1.02
3.3380,0.3951,0.9184,-0.1845,1.02
3.3420,0.3956,0.9160,-0.1855,1.01
3.3450,0.3955,0.9133,-0.1878,1.01
3.3570,0.3950,0.9106,-0.1914,1.01
3.3570,0.3941,0.9082,-0.1958,1.01
3.3580,0.3935,0.9063,-0.2012,1.01
3.3610,0.3937,0.9049,-0.2078,1.01
3.3800,0.3954,0.9042,-0.2149,1.01
3.3810,0.3984,0.9039,-0.2219,1.01
3.3810,0.4023,0.9040,-0.2273,1.02
3.3810,0.4073,0.9043,-0.2317,1.02
3.3810,0.4131,0.9042,-0.2350,1.02
3.3910,0.4197,0.9034,-0.2372,1.02
3.3920,0.4268,0.9020,-0.2375,1.03
3.3920,0.4334,0.8999,-0.2356,1.03
3.3970,0.4394,0.8971,-0.2322,1.03
3.4010,0.4445,0.8936,-0.2281,1.02
3.4050,0.4492,0.8895,-0.2244,1.02
3.4090,0.4533,0.8850,-0.2226,1.02
3.4130,0.4565,0.8802,-0.2231,1.02
3.4170,0.4583,0.8755,-0.2255,1.01
3.4210,0.4584,0.8714,-0.2300,1.01
3.4250,0.4565,0.8682,-0.2359,1.01
3.4290,0.4526,0.8659,-0.2430,1.01
3.4330,0.4470,0.8644,-0.2507,1.00
3.4360,0.4401,0.8634,-0.2582,1.00
3.4400,0.4326,0.8625,-0.2647,1.00
3.4440,0.4251,0.8613,-0.2697,1.00
3.4480,0.4185,0.8595,-0.2723,0.99
3.4520,0.4135,0.8569,-0.2724,0.99
3.4560,0.4099,0.8536,-0.2702,0.98
3.4600,0.4075,0.8495,-0.2659,0.98
3.4640,0.4056,0.8447,-0.2603,0.97
3.4720,0.4040,0.8395,-0.2538,0.97
3.4730,0.4022,0.8347,-0.2469,0.96
3.4780,0.3997,0.8307,-0.2404,0.95
3.4790,0.3960,0.8282,-0.2346,0.95
3.4950,0.3906,0.8277,-0.2301,0.94
3.4950,0.3836,0.8294,-0.2270,0.94
3.5170,0.3754,0.8334,-0.2255,0.94
3.5180,0.3667,0.8394,-0.2249,0.94
3.5180,0.3582,0.8472,-0.2250,0.95
3.5190,0.3505,0.8559,-0.2253,0.95
3.5190,0.3440,0.8650,-0.2260,0.96
3.5190,0.3390,0.8740,-0.2270,0.96
3.5200,0.3356,0.8821,-0.2280,0.97
3.5200,0.3335,0.8891,-0.2289,0.98
3.5230,0.3321,0.8949,-0.2294,0.98
3.5270,0.3314,0.8993,-0.2298,0.99
3.5310,0.3307,0.9027,-0.2299,0.99
3.5350,0.3299,0.9054,-0.2297,0.99
3.5380,0.3284,0.9080,-0.2295,0.99
3.5420,0.3260,0.9106,-0.2298,0.99
3.5460,0.3229,0.9135,-0.2306,1.00
3.5510,0.3189,0.9168,-0.2316,1.00
3.5540,0.3145,0.9204,-0.2324,1.00
3.5580,0.3100,0.9240,-0.2326,1.00
3.5620,0.3058,0.9271,-0.2321,1.00
3.5670,0.3023,0.9293,-0.2319,1.00
3.5700,0.2998,0.9302,-0.2329,1.00
3.5740,0.2982,0.9300,-0.2357,1.00
3.5780,0.2972,0.9288,-0.2399,1.00
3.5840,0.2966,0.9268,-0.2450,1.00
3.5860,0.2959,0.9241,-0.2500,1.00
3.5900,0.2948,0.9206,-0.2543,1.00
3.5940,0.2929,0.9169,-0.2573,1.00
3.5980,0.2902,0.9131,-0.2591,0.99
3.6020,0.2871,0.9098,-0.2603,0.99
3.6060,0.2838,0.9072,-0.2616,0.99
3.6100,0.2808,0.9056,-0.2635,0.98
3.6130,0.2778,0.9049,-0.2657,0.98
3.6230,0.2748,0.9050,-0.2679,0.98
3.6240,0.2718,0.9057,-0.2698,0.98
3.6290,0.2689,0.9069,-0.2709,0.98
3.6290,0.2660,0.9083,-0.2713,0.98
3.6450,0.2629,0.9099,-0.2709,0.99
3.6450,0.2594,0.9114,-0.2703,0.99
3.6450,0.2551,0.9125,-0.2695,0.99
3.6460,0.2497,0.9133,-0.2689,0.98
3.6520,0.2435,0.9135,-0.2689,0.98
3.6530,0.2368,0.9133,-0.2703,0.98
3.6570,0.2293,0.9131,-0.2730,0.98
3.6610,0.2215,0.9135,-0.2766,0.98
3.6650,0.2135,0.9151,-0.2810,0.98
3.6690,0.2053,0.9180,-0.2853,0.98
3.6730,0.1974,0.9223,-0.2891,0.99
3.6770,0.1900,0.9277,-0.2921,0.99
3.6810,0.1834,0.9337,-0.2938,1.00
3.6850,0.1777,0.9398,-0.2938,1.00
3.6880,0.1730,0.9454,-0.2924,1.00
3.6930,0.1691,0.9501,-0.2903,1.01
3.6970,0.1655,0.9543,-0.2878,1.01
3.7000,0.1616,0.9580,-0.2852,1.01
3.7050,0.1566,0.9614,-0.2824,1.01
3.7090,0.1500,0.9645,-0.2797,1.02
3.7130,0.1410,0.9668,-0.2764,1.02
3.7220,0.1301,0.9682,-0.2737,1.01
3.7230,0.1178,0.9687,-0.2728,1.01
3.7230,0.1056,0.9683,-0.2747,1.01
3.7280,0.0946,0.9677,-0.2794,1.01
3.7440,0.0855,0.9675,-0.2862,1.01
3.7450,0.0785,0.9679,-0.2934,1.01
3.7450,0.0733,0.9692,-0.2995,1.02
3.7450,0.0696,0.9709,-0.3028,1.02
3.7480,0.0675,0.9726,-0.3030,1.02
3.7520,0.0671,0.9741,-0.3007,1.02
3.7560,0.0683,0.9752,-0.2971,1.02
3.7590,0.0710,0.9762,-0.2931,1.02
3.7640,0.0748,0.9771,-0.2894,1.02
3.7680,0.0789,0.9780,-0.2862,1.02
3.7710,0.0826,0.9789,-0.2837,1.02
3.7760,0.0850,0.9797,-0.2817,1.02
3.7800,0.0859,0.9805,-0.2797,1.02
3.7840,0.0850,0.9811,-0.2777,1.02
3.7870,0.0821,0.9813,-0.2755,1.02
3.7910,0.0774,0.9809,-0.2730,1.02
3.7950,0.0712,0.9798,-0.2708,1.02
3.8000,0.0642,0.9783,-0.2693,1.02
3.8030,0.0567,0.9765,-0.2691,1.01
3.8070,0.0492,0.9746,-0.2705,1.01
3.8110,0.0422,0.9732,-0.2733,1.01
3.8150,0.0361,0.9722,-0.2772,1.01
3.8190,0.0313,0.9720,-0.2814,1.01
3.8230,0.0282,0.9725,-0.2853,1.01
3.8270,0.0272,0.9736,-0.2884,1.02
3.8310,0.0286,0.9753,-0.2902,1.02
3.8350,0.0325,0.9776,-0.2905,1.02
3.8390,0.0387,0.9801,-0.2890,1.02
3.8430,0.0470,0.9827,-0.2859,1.02
3.8470,0.0567,0.9852,-0.2815,1.03
3.8510,0.0672,0.9873,-0.2759,1.03
3.8540,0.0778,0.9890,-0.2693,1.03
3.8580,0.0876,0.9901,-0.2618,1.03
3.8620,0.0959,0.9907,-0.2536,1.03
3.8740,0.1022,0.9906,-0.2453,1.03
3.8750,0.1066,0.9898,-0.2374,1.02
3.8750,0.1093,0.9883,-0.2305,1.02
3.8780,0.1107,0.9862,-0.2255,1.02
3.8820,0.1114,0.9837,-0.2225,1.01
3.9030,0.1118,0.9812,-0.2217,1.01
3.9030,0.1121,0.9789,-0.2228,1.01
3.9040,0.1124,0.9769,-0.2257,1.01
3.9040,0.1124,0.9755,-0.2301,1.01
3.9040,0.1124,0.9746,-0.2356,1.01
3.9120,0.1129,0.9739,-0.2413,1.01
3.9120,0.1145,0.9730,-0.2459,1.01
3.9130,0.1176,0.9713,-0.2490,1.01
3.9220,0.1226,0.9683,-0.2498,1.01
3.9230,0.1296,0.9634,-0.2485,1.00
3.9250,0.1386,0.9565,-0.2449,1.00
3.9290,0.1488,0.9477,-0.2398,0.99
3.9350,0.1591,0.9371,-0.2336,0.98
3.9370,0.1688,0.9252,-0.2271,0.97
3.9410,0.1771,0.9124,-0.2206,0.96
3.9450,0.1838,0.8995,-0.2148,0.94
3.9500,0.1890,0.8868,-0.2096,0.93
3.9530,0.1931,0.8748,-0.2053,0.92
3.9570,0.1961,0.8639,-0.2019,0.91
3.9610,0.1984,0.8543,-0.1991,0.90
3.9650,0.2000,0.8462,-0.1966,0.89
3.9690,0.2012,0.8397,-0.1945,0.89
3.9730,0.2026,0.8346,-0.1934,0.88
3.9760,0.2048,0.8310,-0.1934,0.88
3.9810,0.2085,0.8287,-0.1948,0.88
3.9850,0.2144,0.8278,-0.1972,0.88
3.9890,0.2230,0.8282,-0.2004,0.88
3.9920,0.2348,0.8292,-0.2043,0.89
3.9970,0.2490,0.8304,-0.2077,0.89
4.0060,0.2653,0.8313,-0.2099,0.90
4.0070,0.2823,0.8311,-0.2110,0.90
4.0080,0.2989,0.8296,-0.2103,0.91
4.0120,0.3144,0.8265,-0.2079,0.91
4.0160,0.3278,0.8216,-0.2042,0.91
4.0340,0.3391,0.8150,-0.1997,0.91
4.0350,0.3484,0.8069,-0.1952,0.90
4.0350,0.3560,0.7977,-0.1913,0.89
4.0350,0.3621,0.7877,-0.1880,0.89
4.0360,0.3670,0.7774,-0.1857,0.88
4.0390,0.3710,0.7673,-0.1843,0.87
4.0440,0.3742,0.7579,-0.1833,0.86
4.0470,0.3771,0.7496,-0.1825,0.86
4.0520,0.3802,0.7430,-0.1816,0.85
4.0550,0.3842,0.7384,-0.1807,0.85
4.0600,0.3892,0.7362,-0.1796,0.85
4.0640,0.3955,0.7361,-0.1786,0.85
4.0680,0.4035,0.7379,-0.1783,0.86
4.0710,0.4129,0.7412,-0.1792,0.87
4.0750,0.4226,0.7453,-0.1808,0.88
4.0790,0.4318,0.7497,-0.1829,0.88
4.0850,0.4401,0.7539,-0.1852,0.89
4.0870,0.4473,0.7572,-0.1877,0.90
4.0910,0.4534,0.7592,-0.1905,0.90
4.0950,0.4589,0.7596,-0.1936,0.91
4.0990,0.4641,0.7586,-0.1967,0.91
4.1030,0.4693,0.7564,-0.1998,0.91
4.1060,0.4750,0.7532,-0.2030,0.91
4.1110,0.4806,0.7494,-0.2055,0.91
4.1150,0.4866,0.7455,-0.2074,0.91
4.1190,0.4923,0.7418,-0.2080,0.91
4.1230,0.4974,0.7388,-0.2072,0.91
4.1270,0.5023,0.7365,-0.2056,0.91
4.1310,0.5070,0.7351,-0.2040,0.92
4.1400,0.5108,0.7345,-0.2023,0.92
4.1420,0.5144,0.7346,-0.2013,0.92
4.1420,0.5178,0.7352,-0.2012,0.92
4.1460,0.5206,0.7363,-0.2015,0.92
4.1760,0.5230,0.7377,-0.2028,0.93
4.1770,0.5259,0.7392,-0.2055,0.93
4.1770,0.5292,0.7407,-0.2096,0.93
4.1770,0.5330,0.7424,-0.2146,0.94
4.1770,0.5373,0.7443,-0.2201,0.94
4.1780,0.5416,0.7465,-0.2248,0.95
4.1780,0.5463,0.7493,-0.2288,0.96
4.1780,0.5513,0.7524,-0.2318,0.96
4.1810,0.5567,0.7558,-0.2339,0.97
4.1860,0.5621,0.7592,-0.2350,0.97
4.1890,0.5672,0.7627,-0.2351,0.98
4.1930,0.5720,0.7659,-0.2342,0.98
4.1980,0.5759,0.7685,-0.2334,0.99
4.2020,0.5787,0.7705,-0.2322,0.99
4.2050,0.5807,0.7716,-0.2323,0.99
4.2090,0.5814,0.7721,-0.2330,0.99
4.2130,0.5811,0.7716,-0.2355,0.99
4.2180,0.5799,0.7704,-0.2399,0.99
4.2210,0.5773,0.7691,-0.2448,0.99
4.2250,0.5745,0.7676,-0.2514,0.99
4.2290,0.5705,0.7662,-0.2573,0.99
4.2330,0.5661,0.7652,-0.2629,0.99
4.2370,0.5615,0.7645,-0.2683,0.99
4.2410,0.5570,0.7646,-0.2723,0.98
4.2450,0.5539,0.7652,-0.2758,0.98
4.2490,0.5518,0.7664,-0.2764,0.98
4.2570,0.5512,0.7684,-0.2733,0.98
4.2570,0.5521,0.7712,-0.2682,0.99
4.2610,0.5533,0.7750,-0.2607,0.99
4.2640,0.5545,0.7799,-0.2529,0.99
4.2960,0.5556,0.7855,-0.2457,0.99
4.2970,0.5562,0.7915,-0.2396,1.00
4.2970,0.5558,0.7975,-0.2346,1.00
4.3240,0.5544,0.8029,-0.2314,1.00
4.3240,0.5516,0.8075,-0.2297,1.00
4.3250,0.5474,0.8112,-0.2291,1.01
4.3250,0.5416,0.8140,-0.2297,1.00
4.3250,0.5344,0.8161,-0.2306,1.00
4.3260,0.5261,0.8180,-0.2310,1.00
4.3260,0.5171,0.8198,-0.2309,1.00
4.3260,0.5080,0.8213,-0.2299,0.99
4.3270,0.4989,0.8229,-0.2275,0.99
4.3280,0.4900,0.8246,-0.2234,0.98
4.3280,0.4812,0.8266,-0.2168,0.98
4.3290,0.4729,0.8292,-0.2088,0.98
4.3290,0.4652,0.8324,-0.1995,0.97
4.3310,0.4583,0.8363,-0.1900,0.97
4.3350,0.4526,0.8406,-0.1814,0.97
4.3390,0.4479,0.8449,-0.1744,0.97
4.3430,0.4441,0.8487,-0.1688,0.97
4.3470,0.4408,0.8518,-0.1646,0.97
4.3520,0.4376,0.8539,-0.1616,0.97
4.3550,0.4344,0.8551,-0.1593,0.97
4.3590,0.4311,0.8556,-0.1577,0.97
4.3630,0.4277,0.8555,-0.1566,0.97
4.3670,0.4243,0.8550,-0.1562,0.97
4.3710,0.4209,0.8547,-0.1561,0.97
4.3750,0.4171,0.8549,-0.1560,0.96
4.3790,0.4130,0.8554,-0.1554,0.96
4.3830,0.4087,0.8565,-0.1542,0.96
4.3960,0.4043,0.8579,-0.1523,0.96
4.3970,0.3999,0.8597,-0.1498,0.96
4.3970,0.3958,0.8617,-0.1467,0.96
4.4000,0.3918,0.8638,-0.1434,0.96
4.4300,0.3879,0.8661,-0.1401,0.96
4.4310,0.3840,0.8686,-0.1370,0.96
4.4310,0.3803,0.8712,-0.1339,0.96
4.4310,0.3766,0.8737,-0.1311,0.96
4.4320,0.3730,0.8761,-0.1284,0.96
4.4320,0.3695,0.8783,-0.1260,0.96
4.4320,0.3658,0.8804,-0.1241,0.96
4.4320,0.3619,0.8823,-0.1225,0.96
4.4370,0.3577,0.8842,-0.1215,0.96
4.4390,0.3535,0.8862,-0.1208,0.96
4.4420,0.3496,0.8882,-0.1205,0.96
4.4450,0.3467,0.8901,-0.1204,0.96
4.4500,0.3449,0.8917,-0.1204,0.96
4.4540,0.3443,0.8928,-0.1201,0.96
4.4580,0.3447,0.8936,-0.1195,0.97
4.4620,0.3459,0.8937,-0.1187,0.97
4.4650,0.3476,0.8935,-0.1174,0.97
4.4700,0.3498,0.8930,-0.1157,0.97
4.4740,0.3521,0.8926,-0.1138,0.97
4.4780,0.3543,0.8923,-0.1123,0.97
4.4820,0.3563,0.8924,-0.1115,0.97
4.4850,0.3580,0.8927,-0.1117,0.97
4.4890,0.3592,0.8935,-0.1126,0.97
4.4930,0.3603,0.8946,-0.1143,0.97
4.4970,0.3612,0.8956,-0.1166,0.97
4.5020,0.3621,0.8965,-0.1196,0.97
4.5050,0.3635,0.8971,-0.1235,0.98
4.5090,0.3652,0.8973,-0.1283,0.98
4.5130,0.3674,0.8970,-0.1337,0.98
4.5170,0.3698,0.8965,-0.1390,0.98
4.5240,0.3729,0.8959,-0.1441,0.98
4.5250,0.3767,0.8953,-0.1483,0.98
4.5290,0.3805,0.8949,-0.1512,0.98
4.5320,0.3840,0.8944,-0.1524,0.99
4.5650,0.3871,0.8942,-0.1517,0.99
4.5650,0.3899,0.8945,-0.1497,0.99
4.5650,0.3921,0.8952,-0.1466,0.99
4.5660,0.3936,0.8967,-0.1431,0.99
4.5660,0.3948,0.8992,-0.1411,0.99
4.5690,0.3961,0.9023,-0.1418,1.00
4.5690,0.3977,0.9059,-0.1453,1.00
4.5700,0.4002,0.9096,-0.1519,1.01
4.5700,0.4032,0.9132,-0.1608,1.01
4.5720,0.4066,0.9165,-0.1709,1.02
4.5760,0.4102,0.9192,-0.1807,1.02
4.5800,0.4137,0.9210,-0.1889,1.03
4.5860,0.4170,0.9220,-0.1946,1.03
4.5870,0.4204,0.9218,-0.1977,1.03
4.5910,0.4235,0.9204,-0.1984,1.03
4.5960,0.4262,0.9177,-0.1970,1.03
4.6000,0.4281,0.9140,-0.1940,1.03
4.6030,0.4293,0.9096,-0.1906,1.02
4.6080,0.4298,0.9049,-0.1872,1.02
4.6120,0.4305,0.9002,-0.1851,1.01
4.6160,0.4311,0.8955,-0.1845,1.01
4.6230,0.4324,0.8910,-0.1853,1.01
4.6240,0.4337,0.8869,-0.1873,1.00
4.6280,0.4345,0.8833,-0.1901,1.00
4.6310,0.4342,0.8806,-0.1930,1.00
4.6670,0.4332,0.8786,-0.1964,1.00
4.6670,0.4315,0.8773,-0.1997,1.00
4.6680,0.4294,0.8766,-0.2032,1.00
4.6700,0.4273,0.8764,-0.2070,1.00
4.6710,0.4250,0.8769,-0.2104,1.00
4.6710,0.4218,0.8779,-0.2129,1.00
4.6710,0.4185,0.8791,-0.2153,1.00
4.6710,0.4155,0.8803,-0.2183,1.00
4.6720,0.4136,0.8812,-0.2221,1.00
4.6720,0.4127,0.8815,-0.2259,1.00
4.6910,0.4123,0.8812,-0.2290,1.00
4.6910,0.4128,0.8801,-0.2315,1.00
4.6910,0.4137,0.8781,-0.2327,1.00
4.6910,0.4144,0.8752,-0.2324,1.00
4.6920,0.4156,0.8714,-0.2318,0.99
4.6940,0.4173,0.8672,-0.2313,0.99
4.6980,0.4186,0.8628,-0.2300,0.99
4.7020,0.4191,0.8588,-0.2282,0.98
4.7060,0.4185,0.8555,-0.2259,0.98
4.7110,0.4170,0.8531,-0.2233,0.98
4.7140,0.4144,0.8522,-0.2205,0.97
4.7190,0.4108,0.8527,-0.2177,0.97
4.7230,0.4062,0.8547,-0.2153,0.97
4.7260,0.4008,0.8575,-0.2141,0.97
4.7300,0.3955,0.8612,-0.2146,0.97
4.7330,0.3902,0.8649,-0.2165,0.97
4.7380,0.3850,0.8682,-0.2192,0.97
4.7420,0.3801,0.8706,-0.2224,0.98
4.7460,0.3755,0.8717,-0.2258,0.98
4.7500,0.3711,0.8713,-0.2291,0.97
4.7580,0.3671,0.8698,-0.2319,0.97
4.7580,0.3635,0.8673,-0.2339,0.97
4.7610,0.3603,0.8643,-0.2348,0.97
4.7650,0.3570,0.8613,-0.2340,0.96
4.7910,0.3538,0.8587,-0.2316,0.96
4.7930,0.3505,0.8569,-0.2274,0.95
4.7930,0.3473,0.8563,-0.2228,0.95
4.7930,0.3441,0.8571,-0.2190,0.95
4.7930,0.3409,0.8595,-0.2157,0.95
4.7940,0.3373,0.8636,-0.2133,0.95
4.7940,0.3332,0.8688,-0.2120,0.95
4.7970,0.3285,0.8749,-0.2123,0.96
4.8010,0.3234,0.8814,-0.2138,0.96
4.8050,0.3179,0.8878,-0.2165,0.97
4.8080,0.3121,0.8936,-0.2197,0.97
4.8130,0.3060,0.8984,-0.2232,0.97
4.8170,0.2996,0.9023,-0.2264,0.98
4.8220,0.2932,0.9052,-0.2289,0.98
4.8250,0.2868,0.9073,-0.2306,0.98
4.8290,0.2808,0.9089,-0.2318,0.98
4.8330,0.2753,0.9104,-0.2325,0.98
4.8360,0.2704,0.9120,-0.2328,0.98
4.8400,0.2658,0.9138,-0.2331,0.98
4.8450,0.2616,0.9160,-0.2331,0.98
4.8490,0.2579,0.9185,-0.2333,0.98
4.8540,0.2543,0.9214,-0.2339,0.98
4.8560,0.2510,0.9241,-0.2346,0.99
4.8600,0.2476,0.9265,-0.2351,0.99
4.8640,0.2443,0.9283,-0.2354,0.99
4.8690,0.2406,0.9293,-0.2356,0.99
4.8710,0.2368,0.9294,-0.2359,0.99
4.8760,0.2328,0.9285,-0.2366,0.99
4.8800,0.2285,0.9269,-0.2381,0.98
4.8840,0.2238,0.9246,-0.2402,0.98
4.8880,0.2187,0.9220,-0.2429,0.98
4.8920,0.2132,0.9195,-0.2462,0.98
4.8960,0.2077,0.9172,-0.2498,0.97
4.9000,0.2023,0.9158,-0.2534,0.97
4.9080,0.1974,0.9153,-0.2565,0.97
4.9090,0.1932,0.9156,-0.2588,0.97
4.9110,0.1899,0.9167,-0.2602,0.97
4.9150,0.1876,0.9183,-0.2602,0.97
4.9530,0.1860,0.9202,-0.2590,0.97
4.9530,0.1848,0.9220,-0.2570,0.97
4.9540,0.1837,0.9232,-0.2549,0.98
4.9540,0.1823,0.9239,-0.2532,0.98
4.9540,0.1800,0.9240,-0.2520,0.97
4.9550,0.1766,0.9237,-0.2518,0.97
4.9550,0.1720,0.9228,-0.2527,0.97
4.9550,0.1665,0.9217,-0.2549,0.97
4.9550,0.1602,0.9208,-0.2584,0.97
4.9560,0.1532,0.9202,-0.2625,0.97
4.9580,0.1463,0.9201,-0.2665,0.97
4.9620,0.1399,0.9208,-0.2696,0.97
4.9670,0.1342,0.9222,-0.2716,0.97
4.9700,0.1292,0.9240,-0.2726,0.97
4.9740,0.1250,0.9263,-0.2726,0.97
4.9780,0.1213,0.9288,-0.2719,0.98
4.9830,0.1179,0.9312,-0.2709,0.98
4.9880,0.1147,0.9337,-0.2698,0.98
4.9900,0.1115,0.9360,-0.2688,0.98
4.9940,0.1075,0.9380,-0.2679,0.98
4.9980,0.1030,0.9398,-0.2673,0.98
5.0040,0.0977,0.9409,-0.2671,0.98
5.0060,0.0918,0.9416,-0.2675,0.98
5.0100,0.0858,0.9421,-0.2686,0.98
5.0140,0.0797,0.9424,-0.2704,0.98
5.0260,0.0737,0.9428,-0.2730,0.98
5.0260,0.0680,0.9432,-0.2761,0.99
5.0260,0.0631,0.9439,-0.2790,0.99
5.0290,0.0592,0.9449,-0.2811,0.99
5.0330,0.0564,0.9461,-0.2821,0.99
5.0590,0.0544,0.9474,-0.2818,0.99
5.0600,0.0533,0.9489,-0.2806,0.99
5.0610,0.0528,0.9504,-0.2787,0.99
5.0610,0.0525,0.9519,-0.2769,0.99
5.0610,0.0524,0.9532,-0.2754,0.99
5.0610,0.0520,0.9543,-0.2743,0.99
5.0610,0.0513,0.9554,-0.2737,1.00
5.0650,0.0503,0.9563,-0.2736,1.00
5.0890,0.0492,0.9572,-0.2740,1.00
5.0890,0.0478,0.9581,-0.2748,1.00
5.0890,0.0463,0.9591,-0.2759,1.00
5.0900,0.0446,0.9602,-0.2776,1.00
5.0900,0.0428,0.9616,-0.2795,1.00
5.0910,0.0409,0.9634,-0.2818,1.00
5.0930,0.0392,0.9656,-0.2845,1.01
5.0970,0.0379,0.9682,-0.2872,1.01
5.1000,0.0370,0.9714,-0.2894,1.01
5.1060,0.0367,0.9750,-0.2906,1.02
5.1080,0.0369,0.9789,-0.2908,1.02
5.1120,0.0376,0.9828,-0.2898,1.03
5.1160,0.0386,0.9865,-0.2880,1.03
5.1210,0.0399,0.9900,-0.2857,1.03
5.1240,0.0414,0.9929,-0.2830,1.03
5.1280,0.0430,0.9953,-0.2805,1.03
5.1320,0.0445,0.9974,-0.2785,1.04
5.1380,0.0458,0.9992,-0.2769,1.04
5.1410,0.0467,1.0010,-0.2757,1.04
5.1440,0.0470,1.0028,-0.2751,1.04
5.1480,0.0466,1.0046,-0.2750,1.04
5.1520,0.0455,1.0066,-0.2755,1.04
5.1560,0.0439,1.0087,-0.2763,1.05
5.1590,0.0419,1.0109,-0.2769,1.05
5.1630,0.0396,1.0130,-0.2775,1.05
5.1670,0.0374,1.0148,-0.2777,1.05
5.1780,0.0353,1.0160,-0.2774,1.05
5.1790,0.0336,1.0165,-0.2765,1.05
5.1790,0.0324,1.0161,-0.2750,1.05
5.1830,0.0320,1.0149,-0.2730,1.05
5.1990,0.0324,1.0126,-0.2709,1.05
5.1990,0.0337,1.0096,-0.2688,1.05
5.1990,0.0356,1.0058,-0.2669,1.04
5.2000,0.0380,1.0016,-0.2654,1.04
5.2040,0.0406,0.9971,-0.2642,1.03
5.2070,0.0431,0.9926,-0.2633,1.03
5.2120,0.0456,0.9885,-0.2624,1.02
5.2150,0.0481,0.9850,-0.2609,1.02
5.2210,0.0505,0.9819,-0.2595,1.02
5.2230,0.0530,0.9794,-0.2573,1.01
5.2270,0.0554,0.9774,-0.2547,1.01
5.2310,0.0576,0.9759,-0.2517,1.01
5.2350,0.0595,0.9746,-0.2481,1.01
5.2390,0.0612,0.9734,-0.2442,1.01
5.2420,0.0627,0.9722,-0.2400,1.00
5.2470,0.0643,0.9703,-0.2360,1.00
5.2510,0.0663,0.9675,-0.2329,1.00
5.2550,0.0687,0.9639,-0.2309,0.99
5.2580,0.0715,0.9595,-0.2296,0.99
5.2630,0.0750,0.9545,-0.2289,0.98
5.2660,0.0791,0.9490,-0.2281,0.98
5.2710,0.0835,0.9437,-0.2289,0.97
5.2740,0.0883,0.9382,-0.2301,0.97
5.2780,0.0936,0.9332,-0.2319,0.97
5.2830,0.0997,0.9287,-0.2332,0.96
5.2860,0.1063,0.9246,-0.2335,0.96
5.2920,0.1129,0.9208,-0.2321,0.96
5.2940,0.1201,0.9171,-0.2293,0.95
5.2980,0.1282,0.9128,-0.2246,0.95
5.3020,0.1374,0.9075,-0.2186,0.94
5.3200,0.1449,0.9013,-0.2127,0.94
5.3210,0.1509,0.8945,-0.2081,0.93
5.3210,0.1566,0.8875,-0.2044,0.92
5.3210,0.1631,0.8803,-0.2019,0.92
5.3210,0.1708,0.8728,-0.2006,0.91
5.3250,0.1787,0.8658,-0.2004,0.91
5.3290,0.1868,0.8594,-0.2008,0.90
5.3340,0.1955,0.8539,-0.2022,0.90
5.3380,0.2048,0.8493,-0.2041,0.90
5.3410,0.2144,0.8459,-0.2066,0.90
5.3450,0.2239,0.8435,-0.2086,0.90
5.3490,0.2332,0.8418,-0.2100,0.90
5.3540,0.2418,0.8409,-0.2102,0.90
5.3570,0.2499,0.8403,-0.2093,0.90
5.3620,0.2579,0.8394,-0.2072,0.90
5.3650,0.2656,0.8381,-0.2042,0.90
5.3710,0.2732,0.8362,-0.2009,0.90
5.3730,0.2796,0.8333,-0.1977,0.90
5.3760,0.2850,0.8297,-0.1950,0.90
5.3810,0.2911,0.8250,-0.1929,0.90
5.3850,0.2960,0.8198,-0.1914,0.89
5.3890,0.3000,0.8141,-0.1912,0.89
5.3930,0.3047,0.8078,-0.1923,0.88
5.3970,0.3088,0.8013,-0.1941,0.88
5.4010,0.3136,0.7947,-0.1967,0.88
5.4040,0.3186,0.7883,-0.1995,0.87
5.4080,0.3258,0.7822,-0.2015,0.87
5.4120,0.3312,0.7777,-0.2020,0.87
5.4160,0.3373,0.7750,-0.2016,0.87
5.4260,0.3457,0.7743,-0.2008,0.87
5.4270,0.3529,0.7761,-0.1998,0.88
5.4280,0.3611,0.7798,-0.1997,0.88
5.4320,0.3697,0.7850,-0.2001,0.89
5.4360,0.3793,0.7909,-0.2009,0.90
5.4600,0.3887,0.7968,-0.2013,0.91
5.4600,0.3983,0.8018,-0.2011,0.92
5.4600,0.4074,0.8056,-0.2000,0.92
5.4600,0.4149,0.8079,-0.1983,0.93
5.4610,0.4215,0.8081,-0.1962,0.93
5.4610,0.4265,0.8066,-0.1941,0.93
5.4850,0.4295,0.8037,-0.1929,0.93
5.4850,0.4321,0.7994,-0.1932,0.93
5.4850,0.4341,0.7945,-0.1947,0.93
5.4860,0.4354,0.7892,-0.1973,0.92
5.4860,0.4371,0.7838,-0.2009,0.92
5.4860,0.4396,0.7785,-0.2048,0.92
5.4870,0.4421,0.7738,-0.2082,0.92
5.4910,0.4451,0.7702,-0.2108,0.91
5.4950,0.4484,0.7682,-0.2127,0.91
5.4990,0.4520,0.7680,-0.2133,0.92
5.5030,0.4564,0.7700,-0.2131,0.92
5.5070,0.4614,0.7741,-0.2125,0.93
5.5110,0.4668,0.7799,-0.2115,0.93
5.5140,0.4729,0.7870,-0.2106,0.94
5.5180,0.4785,0.7947,-0.2096,0.95
5.5230,0.4831,0.8026,-0.2086,0.96
5.5260,0.4869,0.8099,-0.2084,0.97
5.5300,0.4900,0.8160,-0.2086,0.97
5.5350,0.4918,0.8205,-0.2092,0.98
5.5390,0.4930,0.8232,-0.2106,0.98
5.5420,0.4940,0.8242,-0.2127,0.98
5.5470,0.4945,0.8235,-0.2156,0.98
5.5500,0.4944,0.8217,-0.2190,0.98
5.5560,0.4936,0.8192,-0.2231,0.98
5.5580,0.4921,0.8163,-0.2272,0.98
5.5620,0.4894,0.8137,-0.2307,0.98
5.5660,0.4871,0.8115,-0.2339,0.97
5.5760,0.4847,0.8100,-0.2362,0.97
5.5770,0.4827,0.8092,-0.2373,0.97
5.5770,0.4818,0.8091,-0.2376,0.97
5.5820,0.4824,0.8093,-0.2366,0.97
5.5860,0.4847,0.8096,-0.2350,0.97
5.5950,0.4878,0.8098,-0.2320,0.97
5.5960,0.4909,0.8096,-0.2275,0.97
5.5970,0.4930,0.8093,-0.2226,0.97
5.6010,0.4937,0.8089,-0.2177,0.97
5.6060,0.4929,0.8087,-0.2139,0.97
5.6090,0.4911,0.8084,-0.2117,0.97
5.6130,0.4887,0.8082,-0.2112,0.97
5.6180,0.4858,0.8080,-0.2127,0.97
5.6230,0.4818,0.8080,-0.2163,0.97
5.6250,0.4770,0.8081,-0.2210,0.96
5.6290,0.4713,0.8084,-0.2260,0.96
5.6330,0.4654,0.8094,-0.2309,0.96
5.6380,0.4607,0.8105,-0.2357,0.96
5.6410,0.4571,0.8116,-0.2389,0.96
5.6450,0.4546,0.8127,-0.2403,0.96
5.6490,0.4537,0.8134,-0.2398,0.96
5.6530,0.4536,0.8143,-0.2375,0.96
5.6570,0.4545,0.8151,-0.2335,0.96
5.6600,0.4557,0.8163,-0.2282,0.96
5.6640,0.4568,0.8179,-0.2227,0.96
5.6690,0.4575,0.8198,-0.2175,0.96
5.6730,0.4577,0.8218,-0.2132,0.96
5.6760,0.4570,0.8240,-0.2096,0.97
5.6810,0.4554,0.8264,-0.2066,0.97
5.6850,0.4531,0.8289,-0.2042,0.97
5.6890,0.4503,0.8316,-0.2027,0.97
5.6920,0.4469,0.8347,-0.2025,0.97
5.6960,0.4432,0.8382,-0.2039,0.97
5.7000,0.4385,0.8421,-0.2066,0.97
5.7050,0.4327,0.8465,-0.2098,0.97
5.7080,0.4263,0.8516,-0.2124,0.98
5.7120,0.4202,0.8572,-0.2140,0.98
5.7160,0.4150,0.8629,-0.2139,0.98
5.7200,0.4110,0.8687,-0.2124,0.98
5.7270,0.4079,0.8739,-0.2096,0.99
5.7280,0.4055,0.8783,-0.2062,0.99
5.7320,0.4036,0.8816,-0.2020,0.99
5.7360,0.4016,0.8835,-0.1973,0.99
5.7450,0.3990,0.8843,-0.1926,0.99
5.7460,0.3953,0.8841,-0.1880,0.99
5.7470,0.3906,0.8831,-0.1836,0.98
5.7510,0.3851,0.8816,-0.1794,0.98
5.7560,0.3791,0.8801,-0.1758,0.97
5.7590,0.3730,0.8787,-0.1726,0.97
5.7630,0.3670,0.8778,-0.1699,0.97
5.7670,0.3610,0.8776,-0.1679,0.96
5.7730,0.3549,0.8782,-0.1666,0.96
5.7750,0.3487,0.8799,-0.1659,0.96
5.7790,0.3429,0.8827,-0.1662,0.96
5.7830,0.3381,0.8863,-0.1674,0.96
5.7870,0.3349,0.8905,-0.1690,0.97
5.7910,0.3333,0.8952,-0.1704,0.97
5.7950,0.3333,0.9003,-0.1710,0.98
5.7990,0.3344,0.9057,-0.1704,0.98
5.8020,0.3363,0.9110,-0.1689,0.99
5.8070,0.3385,0.9159,-0.1664,0.99
5.8110,0.3403,0.9202,-0.1631,0.99
5.8140,0.3415,0.9237,-0.1594,1.00
5.8190,0.3417,0.9263,-0.1555,1.00
5.8280,0.3408,0.9279,-0.1518,1.00
5.8290,0.3387,0.9287,-0.1486,1.00
5.8300,0.3357,0.9289,-0.1461,1.00
5.8340,0.3315,0.9289,-0.1445,1.00
5.8640,0.3266,0.9292,-0.1442,1.00
5.8640,0.3219,0.9290,-0.1447,0.99
5.8650,0.3171,0.9286,-0.1454,0.99
5.8650,0.3124,0.9284,-0.1469,0.99
5.8650,0.3079,0.9286,-0.1488,0.99
5.8910,0.3033,0.9290,-0.1508,0.99
5.8910,0.2989,0.9293,-0.1526,0.99
5.8910,0.2954,0.9295,-0.1541,0.99
5.8920,0.2925,0.9298,-0.1553,0.99
5.8920,0.2903,0.9303,-0.1560,0.99
5.8920,0.2883,0.9312,-0.1564,0.99
5.8930,0.2880,0.9318,-0.1567,0.99
5.8930,0.2892,0.9321,-0.1566,0.99
5.8940,0.2909,0.9326,-0.1565,0.99
5.8940,0.2930,0.9332,-0.1563,0.99
5.8970,0.2952,0.9339,-0.1559,0.99
5.9010,0.2974,0.9347,-0.1554,0.99
5.9070,0.2990,0.9355,-0.1546,0.99
5.9090,0.2997,0.9366,-0.1540,1.00
5.9130,0.2997,0.9376,-0.1542,1.00
5.9170,0.2993,0.9387,-0.1557,1.00
5.9230,0.2987,0.9398,-0.1579,1.00
5.9250,0.2980,0.9407,-0.1611,1.00
5.9290,0.2973,0.9416,-0.1646,1.00
5.9330,0.2971,0.9422,-0.1686,1.00
5.9370,0.2973,0.9425,-0.1724,1.00
5.9410,0.2978,0.9428,-0.1761,1.00
5.9450,0.2990,0.9434,-0.1794,1.01
5.9480,0.3014,0.9438,-0.1827,1.01
5.9520,0.3050,0.9446,-0.1860,1.01
5.9570,0.3094,0.9455,-0.1895,1.01
5.9600,0.3139,0.9466,-0.1924,1.02
5.9640,0.3179,0.9478,-0.1944,1.02
5.9680,0.3216,0.9489,-0.1949,1.02
5.9850,0.3248,0.9497,-0.1941,1.02
5.9850,0.3281,0.9500,-0.1927,1.02
5.9850,0.3311,0.9494,-0.1912,1.02
5.9860,0.3338,0.9480,-0.1896,1.02
6.0010,0.3361,0.9462,-0.1885,1.02
6.0010,0.3385,0.9438,-0.1880,1.02
6.0010,0.3406,0.9410,-0.1878,1.02
6.0020,0.3422,0.9379,-0.1879,1.02
6.0080,0.3436,0.9343,-0.1884,1.01
6.0090,0.3446,0.9306,-0.1897,1.01
6.0120,0.3452,0.9271,-0.1918,1.01
6.0150,0.3451,0.9236,-0.1939,1.00
6.0190,0.3444,0.9205,-0.1960,1.00
6.0250,0.3435,0.9178,-0.1979,1.00
6.0270,0.3426,0.9154,-0.1995,1.00
6.0320,0.3420,0.9131,-0.2001,1.00
6.0360,0.3414,0.9111,-0.1996,0.99
6.0400,0.3412,0.9093,-0.1985,0.99
6.0430,0.3416,0.9079,-0.1977,0.99
6.0480,0.3424,0.9066,-0.1974,0.99
6.0520,0.3433,0.9056,-0.1974,0.99
6.0560,0.3442,0.9049,-0.1981,0.99
6.0590,0.3446,0.9042,-0.1992,0.99
6.0630,0.3443,0.9037,-0.2003,0.99
6.0670,0.3435,0.9031,-0.2016,0.99
6.0720,0.3424,0.9025,-0.2033,0.99
6.0740,0.3414,0.9019,-0.2057,0.99
6.0790,0.3412,0.9011,-0.2086,0.99
6.0830,0.3420,0.9000,-0.2119,0.99
6.0870,0.3432,0.8990,-0.2153,0.99
6.0910,0.3454,0.8981,-0.2188,0.99
6.0950,0.3480,0.8972,-0.2220,0.99
6.0990,0.3506,0.8965,-0.2244,0.99
6.1030,0.3528,0.8959,-0.2258,0.99
6.1130,0.3546,0.8952,-0.2265,0.99
6.1140,0.3560,0.8946,-0.2261,0.99
6.1140,0.3569,0.8939,-0.2251,0.99
6.1180,0.3575,0.8930,-0.2233,0.99
6.1350,0.3581,0.8919,-0.2214,0.99
6.1360,0.3588,0.8909,-0.2196,0.99
6.1360,0.3594,0.8899,-0.2179,0.98
6.1360,0.3603,0.8892,-0.2167,0.98
6.1380,0.3613,0.8886,-0.2167,0.98
6.1460,0.3637,0.8882,-0.2186,0.98
6.1470,0.3667,0.8880,-0.2218,0.99
6.1500,0.3698,0.8881,-0.2261,0.99
6.1540,0.3732,0.8880,-0.2311,0.99
6.1580,0.3765,0.8878,-0.2355,0.99
6.1620,0.3789,0.8874,-0.2388,0.99
6.1660,0.3807,0.8863,-0.2407,0.99
6.1700,0.3817,0.8845,-0.2413,0.99
6.1740,0.3816,0.8822,-0.2408,0.99
6.1780,0.3805,0.8793,-0.2395,0.99
6.1820,0.3791,0.8759,-0.2375,0.98
6.1850,0.3773,0.8725,-0.2352,0.98
6.1950,0.3750,0.8693,-0.2331,0.97
6.1950,0.3731,0.8661,-0.2312,0.97
6.1970,0.3712,0.8635,-0.2298,0.97
6.2010,0.3690,0.8617,-0.2288,0.96
6.2240,0.3668,0.8609,-0.2280,0.96
6.2240,0.3643,0.8612,-0.2276,0.96
6.2250,0.3618,0.8625,-0.2277,0.96
6.2250,0.3595,0.8647,-0.2285,0.96
6.2250,0.3576,0.8677,-0.2295,0.97
6.2250,0.3559,0.8715,-0.2314,0.97
6.2290,0.3548,0.8756,-0.2339,0.97
6.2320,0.3543,0.8797,-0.2374,0.98
6.2360,0.3546,0.8832,-0.2418,0.98
6.2410,0.3556,0.8857,-0.2476,0.99
6.2440,0.3569,0.8871,-0.2531,0.99
6.2480,0.3581,0.8873,-0.2575,0.99
6.2670,0.3595,0.8861,-0.2604,0.99
6.2670,0.3612,0.8837,-0.2622,0.99
6.2680,0.3627,0.8800,-0.2632,0.99
6.2680,0.3642,0.8752,-0.2641,0.98
6.2680,0.3650,0.8701,-0.2653,0.98
6.2720,0.3655,0.8652,-0.2673,0.98
6.2760,0.3659,0.8606,-0.2701,0.97
6.2800,0.3664,0.8566,-0.2734,0.97
6.2840,0.3672,0.8534,-0.2770,0.97
6.2880,0.3682,0.8513,-0.2820,0.97
6.2920,0.3687,0.8515,-0.2906,0.97
6.2960,0.3694,0.8532,-0.2968,0.98
6.3000,0.3716,0.8555,-0.2989,0.98
6.3040,0.3747,0.8577,-0.2987,0.98
6.3080,0.3783,0.8602,-0.2962,0.99
6.3110,0.3821,0.8628,-0.2917,0.99
6.3150,0.3859,0.8656,-0.2856,0.99
6.3200,0.3893,0.8686,-0.2776,0.99
6.3300,0.3923,0.8718,-0.2685,0.99
6.3310,0.3943,0.8747,-0.2589,0.99
6.3310,0.3953,0.8770,-0.2494,0.99
6.3350,0.3953,0.8784,-0.2409,0.99
6.3410,0.3947,0.8789,-0.2339,0.99
6.3690,0.3939,0.8783,-0.2285,0.99
6.3690,0.3937,0.8765,-0.2247,0.99
6.3690,0.3933,0.8741,-0.2220,0.98
6.3700,0.3915,0.8724,-0.2198,0.98
6.3700,0.3904,0.8714,-0.2177,0.98
6.3710,0.3889,0.8719,-0.2149,0.98
6.3710,0.3877,0.8738,-0.2113,0.98
6.3710,0.3870,0.8766,-0.2071,0.98
6.3780,0.3849,0.8808,-0.2024,0.98
6.3790,0.3824,0.8855,-0.1978,0.98
6.3820,0.3824,0.8878,-0.1940,0.99
6.3860,0.3811,0.8906,-0.1905,0.99
6.3910,0.3767,0.8927,-0.1874,0.99
6.3940,0.3705,0.8933,-0.1854,0.98
6.3980,0.3634,0.8925,-0.1846,0.98
6.4020,0.3568,0.8903,-0.1847,0.98
6.4070,0.3510,0.8866,-0.1850,0.97
6.4100,0.3464,0.8821,-0.1854,0.97
6.4140,0.3427,0.8775,-0.1859,0.96
6.4180,0.3402,0.8731,-0.1873,0.96
6.4220,0.3382,0.8695,-0.1896,0.95
6.4260,0.3370,0.8670,-0.1929,0.95
6.4300,0.3359,0.8657,-0.1971,0.95
6.4340,0.3346,0.8654,-0.2025,0.95
6.4370,0.3326,0.8661,-0.2088,0.95
6.4410,0.3299,0.8676,-0.2161,0.95
6.4450,0.3260,0.8699,-0.2252,0.96
6.4490,0.3230,0.8721,-0.2319,0.96
6.4540,0.3205,0.8743,-0.2379,0.96
6.4670,0.3185,0.8762,-0.2443,0.96
6.4670,0.3176,0.8775,-0.2502,0.97
6.4670,0.3176,0.8779,-0.2557,0.97
6.4700,0.3183,0.8777,-0.2609,0.97
6.4750,0.3194,0.8769,-0.2657,0.97
